movieId,DramaGenre
56835,0
56837,1
56846,1
56869,1
56885,1
56888,1
56908,1
56915,1
56941,1
56945,1
56949,0
56995,1
57044,1
57147,1
57179,1
57183,1
57223,0
57236,1
57243,0
57269,1
57274,1
57276,0
57291,1
57326,1
57353,1
57368,1
57370,0
57393,0
57401,1
57421,0
57426,1
57432,0
57439,1
57453,0
57464,0
57504,1
57509,1
57520,1
57522,1
57526,0
57528,1
57530,1
57532,1
57534,1
57536,0
57538,0
57637,1
57640,1
57655,0
57669,1
57754,1
57778,1
57792,1
57805,1
57811,1
57843,0
57845,1
57848,1
57865,1
57910,0
57942,1
57946,1
57949,0
57951,1
57964,0
57970,0
57980,0
57996,0
58025,1
58029,0
58033,0
58047,1
58078,1
58084,1
58103,0
58105,1
58107,0
58111,1
58136,1
58146,0
58154,1
58156,0
58162,0
58185,0
58191,1
58207,0
58223,1
58246,1
58287,1
58291,1
58293,0
58295,0
58297,1
58299,0
58301,0
58303,1
58306,1
58309,0
58315,1
58324,1
58332,1
58334,1
58347,1
58351,1
58365,0
58367,1
58376,1
58381,1
58411,1
58418,0
58425,1
58432,1
58434,1
58452,1
58490,1
58492,0
58494,1
58554,0
58559,1
58595,0
58610,0
58622,1
58627,0
58632,1
58641,1
58652,1
58655,1
58706,0
58718,1
58743,1
58783,1
58785,1
58803,1
58806,1
58808,0
58810,1
58816,0
58839,1
58876,1
58879,0
58881,1
58889,0
58898,1
58920,1
58922,1
58933,0
58937,1
58939,1
58941,1
58964,0
58972,1
58975,0
58992,1
58994,1
58998,1
59000,0
59014,0
59016,0
59018,1
59022,1
59026,0
59031,1
59037,0
59040,0
59044,0
59065,1
59103,1
59105,1
59107,1
59116,1
59118,0
59126,1
59129,0
59131,0
59136,1
59138,0
59141,1
59143,1
59220,0
59256,0
59258,0
59260,0
59273,1
59290,1
59295,1
59302,0
59306,1
59313,0
59315,0
59333,1
59336,0
59339,0
59362,0
59369,1
59376,0
59382,1
59387,0
59399,1
59404,1
59418,1
59421,0
59426,1
59435,1
59440,0
59478,1
59485,1
59501,1
59519,1
59547,1
59549,1
59590,0
59594,1
59602,0
59604,1
59607,0
59615,1
59621,1
59625,1
59655,1
59667,0
59669,1
59684,1
59705,0
59709,1
59715,0
59721,1
59725,1
59727,0
59729,1
59731,1
59738,1
59753,0
59784,1
59795,0
59810,0
59814,1
59900,1
59908,0
59910,1
59912,1
59915,1
59985,1
59988,0
59995,0
60020,1
60030,1
60032,0
60037,1
60040,0
60044,1
60046,0
60069,1
60072,0
60074,1
60086,1
60124,0
60126,0
60128,1
60133,1
60135,0
60137,1
60141,0
60147,0
60183,1
60259,0
60284,0
60286,0
60289,0
60291,1
60293,1
60295,0
60303,1
60322,0
60333,1
60338,1
60341,1
60363,0
60376,1
60382,1
60389,0
60391,0
60393,1
60397,1
60405,0
60408,0
60418,1
60421,0
60436,1
60450,0
60461,1
60463,1
60471,1
60475,0
60479,0
60482,1
60490,1
60503,1
60514,1
60516,0
60522,0
60524,1
60526,1
60530,0
60538,0
60544,1
60551,1
60566,1
60568,0
60579,1
60590,1
60599,0
60609,1
60618,0
60641,1
60647,1
60649,0
60654,0
60666,1
60684,1
60688,0
60702,1
60707,1
60728,1
60735,1
60737,1
60743,1
60753,1
60756,0
60758,1
60760,1
60763,0
60766,1
60768,1
60825,0
60827,1
60832,0
60857,0
60885,1
60887,0
60894,0
60930,0
60937,1
60939,1
60941,0
60943,0
60946,1
60948,0
60950,0
61009,0
61011,0
61024,1
61026,0
61035,0
61037,1
61041,1
61071,1
61073,1
61075,1
61083,1
61100,0
61110,0
61123,1
61132,1
61136,1
61160,1
61167,0
61206,1
61210,0
61215,1
61236,1
61240,0
61246,1
61248,0
61250,0
61253,1
61255,1
61257,1
61262,0
61264,1
61267,1
61269,1
61289,1
61301,1
61312,0
61317,1
61319,0
61323,1
61348,1
61350,0
61352,1
61354,0
61357,0
61361,1
61398,0
61401,1
61406,1
61449,0
61465,1
61467,1
61473,0
61475,1
61493,1
61553,0
61569,0
61586,0
61628,1
61638,0
61646,1
61678,1
61692,1
61695,1
61697,1
61705,0
61707,0
61729,1
61742,1
61768,0
61816,0
61818,0
61862,1
61941,1
61948,1
61950,0
61986,0
61991,1
62010,1
62014,1
62081,1
62113,0
62137,1
62155,1
62157,0
62203,1
62235,1
62237,1
62250,1
62265,1
62277,1
62293,1
62299,1
62344,0
62374,0
62376,1
62378,0
62390,1
62394,0
62420,1
62434,1
62437,0
62439,1
62511,1
62553,0
62577,1
62586,0
62644,1
62660,1
62718,0
62726,1
62729,0
62733,1
62788,0
62792,0
62796,0
62799,1
62836,1
62847,1
62849,1
62912,1
62972,0
62999,1
63001,1
63033,0
63062,0
63072,1
63082,0
63113,0
63119,1
63131,1
63179,0
63181,1
63189,1
63194,1
63222,0
63273,0
63276,1
63278,0
63312,1
63329,1
63332,0
63393,0
63436,1
63446,0
63479,1
63481,1
63483,0
63515,1
63540,0
63544,0
63617,1
63645,1
63698,0
63808,1
63826,0
63828,1
63853,1
63859,0
63876,1
63992,1
64010,0
64030,1
64032,0
64034,0
64037,1
64114,1
64116,1
64153,0
64197,1
64229,1
64231,1
64249,0
64278,1
64285,1
64288,1
64321,1
64385,1
64418,1
64497,0
64499,1
64501,1
64511,1
64524,0
64552,0
64575,1
64614,0
64620,0
64622,1
64650,1
64652,1
64658,1
64660,1
64695,0
64701,1
64716,0
64754,1
64839,0
64845,0
64942,1
64957,1
64969,1
64983,1
64986,0
64990,1
64993,1
64997,1
65001,0
65033,1
65037,1
65051,1
65063,0
65088,1
65126,0
65130,0
65142,1
65155,1
65181,0
65188,1
65193,0
65216,1
65225,1
65230,1
65235,1
65243,1
65259,0
65261,1
65290,1
65300,1
65304,0
65310,0
65357,0
65418,1
65435,0
65465,0
65514,1
122349,0
122351,1
122361,0
122387,0
122406,0
122419,0
122455,0
122464,1
122466,1
122468,0
122470,1
122476,1
122478,1
122488,1
122490,1
122495,1
122503,0
122515,0
122517,1
122519,1
122521,1
122523,1
122525,1
122527,1
122563,1
122569,0
122593,0
122599,1
122649,1
122651,1
122657,0
122663,1
122691,1
122695,1
122699,1
122703,0
122715,0
122723,1
122727,1
122737,0
122739,0
122745,0
122758,1
122766,0
122768,0
122772,1
122789,1
122809,1
122813,0
122817,0
122876,1
122878,0
122880,1
122882,1
122884,0
122886,1
122890,0
122892,1
122898,0
122900,1
122902,1
122904,1
122906,0
122908,0
122910,1
122912,1
122914,0
122916,1
122920,1
122922,0
122924,1
122926,0
122932,0
122938,0
122940,0
122942,0
122946,1
122948,0
122974,1
123018,0
123046,1
123065,0
123091,1
123093,0
123111,0
123119,1
123121,1
123151,0
123161,0
123163,0
123165,1
123174,1
123180,0
123188,1
123190,0
123192,0
123194,1
123200,1
123210,1
123223,1
123225,1
123306,1
123308,0
123314,0
123318,0
123320,1
123322,0
123353,1
123357,0
123359,0
123361,1
123391,1
123399,0
123423,0
123451,1
123455,0
123459,0
123465,1
123467,1
123477,1
123483,1
123485,1
123493,1
123495,1
123497,1
123499,0
123530,0
123553,0
123563,1
123567,1
123571,1
123577,0
123585,1
123589,1
123655,1
123665,1
123681,1
123683,0
123723,0
123735,1
123787,1
123818,1
123876,0
123878,1
123943,1
123947,0
123949,0
123959,0
124023,1
124063,0
124077,1
124087,0
124131,1
124145,1
124151,1
124166,0
124176,1
124271,1
124273,1
124279,0
124300,0
124332,1
124334,1
124342,1
124344,0
124348,0
124350,0
124356,1
124382,1
124390,0
124404,1
124442,0
124448,1
124456,0
124468,1
124488,1
124509,1
124521,0
124529,0
124535,0
124552,0
124558,0
124560,1
124562,1
124564,0
124587,0
124647,1
124649,0
124651,0
124691,1
124705,1
124727,1
124755,0
124757,0
124771,1
124773,1
124781,0
124783,1
124797,1
124805,0
124813,1
124825,1
124837,1
124839,0
124849,0
124851,1
124857,0
124859,1
124861,1
124865,1
124867,1
124871,1
124901,1
124923,1
124927,1
124955,1
124957,1
124983,1
124991,1
124993,1
125019,0
125045,1
125051,1
125071,1
125077,0
125085,0
125087,0
125107,0
125133,0
125135,1
125139,1
125141,0
125155,1
125173,1
125183,1
125187,1
125197,0
125199,0
125231,0
125235,1
125253,1
125261,1
125287,0
125289,0
125291,1
125297,1
125307,1
125309,0
125313,1
125351,1
125365,1
125367,1
125369,1
125381,0
125403,1
125413,1
125415,0
125419,1
125431,1
125435,1
125439,0
125477,1
125497,0
125505,1
125509,1
125511,1
125525,1
125527,1
125533,1
125537,1
125539,0
125541,0
125543,0
125545,1
125559,0
125563,1
125565,1
125569,1
125628,0
125630,1
125634,1
125654,0
125656,1
125658,1
125661,1
125704,0
125768,1
125770,0
125782,1
125786,1
125795,1
125874,1
125906,0
125912,1
125914,0
125916,1
125918,1
125920,0
125922,0
125926,1
125938,1
126008,1
126018,1
126020,0
126030,0
126036,1
126044,0
126046,1
126070,0
126072,0
126084,1
126086,1
126104,1
126112,0
126116,0
126120,1
126138,1
126144,1
126146,1
126156,1
126158,1
126160,1
126166,1
126174,0
126178,1
126217,1
126329,0
126387,1
126393,0
126395,1
126397,0
126399,1
126401,0
126407,1
126409,1
126412,1
126414,0
126418,1
126420,1
126422,1
126424,1
126430,1
126482,1
126510,1
126544,0
126546,1
126548,1
126550,0
126552,1
126554,0
126562,0
126571,1
126575,0
126577,0
126579,1
126582,1
126584,1
126588,1
126595,0
126599,1
126693,1
126723,0
126727,0
126737,1
126769,0
126771,1
126773,0
126775,1
126777,0
126779,1
126781,1
126783,1
126785,1
126787,1
126791,0
126799,1
126803,1
126815,0
126919,1
126921,1
126923,1
126929,1
126933,1
126941,1
126951,1
126971,0
126977,1
127019,1
127021,1
127033,1
127035,1
127064,0
127066,1
127076,1
127078,0
127080,0
127082,1
127084,1
127088,1
127090,0
127094,1
127096,1
127098,1
127102,1
127108,0
127110,0
127112,1
127114,1
127116,1
127118,1
127120,0
127122,0
127124,1
127126,1
127128,1
127130,0
127132,0
127134,0
127136,1
127138,1
127140,1
127142,1
127144,1
127146,0
127148,1
127150,0
127152,1
127154,1
127156,1
127158,1
127160,1
127162,1
127164,1
127168,1
127170,1
127172,1
127174,1
127176,1
127178,0
127180,1
127182,1
127184,0
127186,1
127188,0
127192,0
127194,0
127196,1
127198,1
127200,0
127202,0
127204,1
127206,1
127208,0
127210,0
127212,1
127214,0
127216,0
127218,0
127222,1
127224,1
127226,0
127228,1
127232,0
127234,1
127240,0
127244,1
127248,1
127254,1
127266,0
127292,1
127294,1
127296,1
127298,1
127302,1
127305,1
127307,0
127309,0
127311,1
127315,0
127317,0
127319,0
127321,1
127323,1
127390,0
127419,0
127441,1
127443,0
127445,1
127449,0
127451,0
127484,0
127565,1
127575,0
127577,0
127579,1
127583,1
127585,1
127610,0
127630,0
127650,1
127652,1
127654,1
127658,0
127699,1
127701,1
127724,1
127728,1
127833,1
127857,1
127859,1
127861,1
127867,0
127873,1
127875,1
127877,0
127879,1
127881,1
127974,0
127989,0
128089,1
128091,0
128093,0
128095,1
128097,1
128099,1
128149,1
128153,1
128157,1
128161,1
128163,0
128167,1
128173,0
128175,0
128177,0
128181,0
128183,0
128201,0
128227,0
128255,1
128259,0
128267,0
128269,0
128273,0
128303,1
128305,1
128308,1
128318,1
128320,1
128322,1
128360,0
128366,1
128371,1
128425,0
128439,0
128441,0
128443,1
128447,0
128478,1
128488,0
128490,1
128506,1
128508,1
128510,0
128512,0
128518,1
128520,1
128534,1
128538,1
128540,1
128542,0
128546,0
128552,1
128554,1
128574,1
128576,1
128582,0
128592,1
128594,1
128600,1
128604,1
128606,1
128608,1
128614,0
128618,1
128620,1
128622,0
128626,0
128628,1
128632,1
128648,1
128671,1
128684,1
128690,0
128695,0
128703,0
128719,1
128736,1
128740,0
128812,1
128830,1
128832,0
128836,1
128838,0
128840,0
128842,0
128860,1
128862,1
128864,1
128878,0
128898,0
128902,1
128906,0
128908,0
128910,0
128912,1
128914,1
128918,1
128922,1
128948,0
128950,1
128954,1
128964,1
128971,1
128975,1
128985,1
128987,0
128989,1
128991,1
129003,0
129005,0
129009,1
129017,1
129030,0
129032,0
129034,1
129064,1
129066,1
129068,1
129080,1
129183,1
129195,0
129199,1
129201,1
129227,1
129229,1
129233,1
129235,1
129243,0
129248,0
129285,1
129289,1
129291,0
129293,0
129299,0
129301,1
129303,1
129313,1
129333,1
129340,1
129342,1
129346,1
129348,0
129350,0
129352,1
129354,0
129360,0
129362,0
129364,1
129366,1
129368,0
129370,0
129372,1
129397,1
129401,1
129405,1
129407,1
129415,1
129428,1
129437,0
129441,1
129443,0
129451,1
129454,1
129474,1
129510,1
129514,1
129528,1
129532,0
129534,1
129644,1
129653,1
129657,0
129659,0
129669,1
129671,1
129673,0
129675,1
129703,1
129707,1
129737,1
129739,1
129741,0
129749,1
129771,1
129773,1
129775,1
129779,0
129781,1
129786,0
129788,1
129818,0
129820,1
129822,1
129826,0
129828,1
129830,0
129834,1
129841,1
129843,1
129845,0
129853,0
129855,0
129857,0
129859,0
129889,1
129905,0
129907,1
129909,1
129911,1
129913,1
129921,1
129923,1
129927,1
129933,1
129935,1
129937,1
129939,1
129945,1
129949,1
129951,0
129958,1
130034,1
130036,0
130038,0
130042,1
130044,0
130046,0
130050,0
130052,1
130054,1
130056,1
130062,1
130064,1
130066,1
130069,1
130071,0
130073,0
130075,1
130077,1
130079,1
130081,0
130083,1
130085,1
130087,0
130103,1
130116,0
130138,1
130146,0
130163,1
130210,1
130219,0
130233,0
130247,1
130271,0
130275,1
130290,1
130292,1
130294,0
130320,1
130326,1
130338,0
130344,1
130349,1
130351,1
130374,1
130378,1
130382,1
130384,1
130388,0
130390,0
130392,1
130398,1
130404,0
130424,1
130442,0
130444,0
130448,0
130450,1
130452,1
130462,0
130464,1
130468,0
130474,0
130478,1
130488,1
130490,1
130492,1
130494,1
130496,0
130506,0
130508,1
130510,0
130512,0
130516,0
130518,1
130520,1
130524,1
130526,1
130576,1
130578,0
130580,1
130582,1
130584,1
130588,1
130618,0
130622,1
130624,1
130626,1
130628,1
130630,1
130632,1
130634,0
130636,1
130638,1
130640,1
130642,0
130644,1
130682,0
130684,1
130686,1
130784,1
130840,1
130842,1
130848,1
130850,1
130856,1
130862,1
130894,1
130898,0
130900,0
130902,1
130912,1
130952,1
130956,1
130960,1
130964,0
130970,0
130972,0
130976,0
130980,1
130982,1
130986,1
130988,1
130990,1
130994,1
131013,0
131015,1
131017,1
131019,0
131023,0
131050,1
131054,1
131056,0
131058,1
131060,1
131062,1
131064,0
131066,1
131068,0
131070,1
187901,0
187903,1
187937,1
187941,1
187943,1
187945,0
187957,1
187959,1
187963,1
187967,1
187969,1
187975,1
187977,1
187987,1
188009,0
188017,1
188021,1
188067,1
188095,1
188111,0
188115,1
188141,0
188149,1
188155,1
188159,1
188161,1
188165,1
188167,1
188171,1
188177,1
188179,1
188181,0
188183,1
188185,0
188187,0
188189,0
188191,1
188193,0
188205,1
188207,0
188211,0
188213,1
188215,0
188217,1
188221,1
188229,0
188233,1
188237,1
188265,1
188273,1
188293,1
188295,0
188297,0
188299,1
188301,1
188303,1
188305,1
188307,1
188309,1
188311,1
188315,0
188317,0
188337,0
188339,1
188341,0
188355,1
188377,0
188379,1
188383,1
188391,0
188411,1
188417,0
188419,1
188421,1
188427,1
188429,1
188433,1
188441,1
188449,1
188453,0
188455,0
188459,1
188477,1
188491,0
188495,1
188501,1
188505,1
188509,1
188511,1
188513,0
188515,1
188519,1
188527,0
188531,1
188533,0
188535,0
188539,1
188541,0
188543,1
188545,0
188547,0
188549,1
188551,0
188565,1
188571,1
188573,1
188575,0
188577,1
188583,1
188597,1
188603,0
188605,1
188607,1
188609,1
188611,0
188613,0
188623,1
188625,1
188637,0
188641,1
188643,1
188645,1
188649,1
188651,1
188655,1
188657,1
188659,0
188663,1
188665,0
188671,1
188675,1
188677,1
188679,0
188693,0
188695,0
188697,1
188707,1
188711,0
188715,0
188731,0
188741,0
188743,0
188749,1
188751,0
188753,0
188755,0
188757,1
188761,0
188765,1
188767,0
188769,1
188771,1
188773,0
188775,1
188777,1
188785,0
188797,1
188823,1
188825,1
188827,1
188829,1
188831,0
188833,1
188837,0
188839,1
188855,0
188857,0
188859,0
188861,0
188863,1
188873,1
188875,1
188877,1
188879,0
188881,1
188885,1
188915,0
188917,1
188927,1
188933,1
188937,1
188939,1
188941,0
188947,1
188949,0
188951,0
188953,1
188961,0
188967,1
188973,0
188975,0
188983,1
188995,1
188997,1
189003,1
189011,1
189019,1
189021,0
189027,1
189029,0
189031,0
189033,1
189035,0
189037,1
189039,0
189041,1
189043,0
189049,0
189053,0
189055,1
189061,1
189063,0
189065,1
189067,0
189069,1
189071,0
189073,0
189079,0
189083,1
189087,1
189089,1
189091,0
189093,1
189097,0
189099,1
189101,1
189103,1
189105,1
189113,0
189115,0
189117,0
189119,1
189121,0
189123,0
189125,1
189129,1
189131,0
189133,1
189137,1
189139,1
189149,1
189151,1
189165,1
189167,0
189169,0
189173,1
189177,0
189179,1
189187,1
189189,1
189191,1
189197,0
189199,1
189201,0
189203,0
189205,1
189207,1
189209,0
189211,0
189213,1
189215,0
189217,1
189223,1
189225,0
189237,1
189241,0
189249,0
189255,1
189259,1
189265,0
189267,1
189269,1
189279,1
189281,1
189299,0
189303,1
189317,1
189321,1
189329,1
189331,1
189333,0
189347,1
189353,1
189357,1
189359,1
189363,0
189365,1
189367,1
189381,1
189395,1
189397,1
189399,1
189401,1
189405,0
189407,0
189409,1
189417,1
189423,0
189427,1
189431,1
189435,1
189457,1
189459,0
189461,0
189463,1
189475,0
189477,1
189497,1
189499,0
189503,1
189509,1
189511,1
189525,0
189527,0
189533,1
189535,1
189539,1
189547,0
189549,1
189555,1
189565,0
189567,1
189589,0
189595,1
189623,1
189625,0
189633,0
189635,0
189637,1
189641,1
189643,0
189647,1
189649,1
189659,1
189667,0
189669,0
189677,0
189679,1
189693,1
189695,1
189697,1
189701,1
189709,0
189711,0
189713,0
189715,0
189721,0
189727,1
189743,1
189745,1
189747,1
189755,0
189757,1
189759,0
189761,0
189765,1
189767,1
189773,1
189775,1
189777,1
189779,1
189781,0
189783,1
189785,0
189787,1
189791,1
189793,0
189795,0
189797,0
189799,1
189801,1
189803,0
189805,1
189809,0
189815,1
189817,1
189819,1
189823,0
189825,1
189827,1
189829,1
189831,0
189835,1
189837,1
189841,1
189843,1
189851,1
189853,1
189855,1
189863,1
189865,1
189867,1
189869,1
189871,0
189873,1
189877,0
189879,1
189885,1
189887,0
189889,1
189891,1
189893,1
189895,0
189897,0
189899,1
189901,1
189905,1
189917,1
189923,0
189927,1
189929,1
189937,1
189939,0
189941,1
189947,0
189953,0
189955,1
189959,1
189991,1
189995,1
190003,0
190007,0
190011,1
190021,1
190023,0
190027,1
190029,1
190031,1
190035,0
190055,1
190077,0
190079,1
190083,1
190085,0
190087,1
190089,1
190097,1
190099,0
190101,0
190123,1
190127,0
190131,1
190133,0
190135,0
190137,1
190145,0
190147,1
190155,1
190157,0
190161,0
190165,1
190167,1
190171,1
190175,1
190177,1
190179,1
190183,0
190185,0
190187,1
190193,1
190195,0
190199,0
190203,1
190207,1
190209,1
190211,0
190213,0
190215,0
190217,0
190223,0
190227,0
190229,1
190245,0
190247,1
190261,1
190271,1
190287,0
190293,1
190297,1
190299,1
190305,1
190307,0
190309,1
190317,1
190321,1
190323,1
190325,1
190327,0
190329,1
190333,0
190335,1
190337,0
190339,0
190343,1
190347,1
190349,1
190355,1
190359,1
190361,1
190367,1
190391,0
190395,1
190397,0
190399,0
190401,1
190407,1
190417,1
190419,1
190435,1
190451,1
190467,1
190487,0
190491,1
190493,1
190495,0
190497,0
190499,0
190505,1
190507,1
190509,0
190511,1
190519,0
190525,0
190529,1
190537,1
190543,0
190547,1
190551,0
190553,0
190555,0
190559,1
190565,1
190569,1
190593,1
190595,0
190609,1
190611,1
190613,1
190615,0
190619,1
190621,1
190623,1
190625,0
190627,1
190629,0
190631,1
190633,1
190635,1
190647,1
190651,1
190657,0
190737,1
190739,1
190741,1
190743,1
190745,0
190749,0
190751,0
190753,1
190755,0
190757,1
190759,0
190761,1
190763,1
190765,0
190769,0
190775,1
190777,1
190785,1
190801,1
190803,0
190805,1
190809,0
190813,1
190823,1
190825,0
190827,0
190833,1
190837,0
190849,1
190853,0
190861,1
190863,0
190865,1
190867,0
190869,1
190871,1
190879,1
190885,1
190889,0
190893,1
190895,1
190915,1
190927,0
190933,1
190939,0
190943,1
190945,0
190947,1
190951,0
190953,1
190957,0
190963,1
190973,0
190975,0
190977,0
190979,0
190987,1
190989,1
190991,1
190995,1
191009,1
191011,1
191013,1
191017,1
191027,1
191029,1
191041,0
191075,0
191087,1
191089,0
191091,1
191093,0
191095,0
191099,1
191101,0
191107,0
191109,0
191113,1
191119,0
191123,1
191129,1
191131,1
191133,1
191137,1
191139,1
191141,0
191143,1
191153,1
191159,1
191171,1
191179,1
191187,0
191197,1
191199,0
191203,0
191205,1
191213,0
191215,1
191217,0
191221,1
191235,1
191237,0
191243,0
191245,1
191253,0
191261,1
191267,0
191269,1
191271,0
191277,1
191279,1
191291,0
191293,0
191299,0
191301,1
191303,1
191307,1
191309,1
191315,1
191317,0
191319,1
191329,0
191345,1
191349,1
191351,1
191359,1
191363,1
191365,1
191367,1
191375,1
191381,0
191383,0
191387,1
191415,1
191417,1
191421,1
191423,1
191425,1
191427,1
191437,1
191439,0
191441,1
191459,1
191463,1
191465,0
191469,0
191479,1
191481,1
191483,0
191485,1
191487,1
191489,0
191491,1
191495,1
191497,0
191501,1
191505,1
191511,1
191643,0
191649,0
191651,1
191653,1
191659,0
191661,0
191663,1
191669,1
191679,0
191683,1
191687,1
191693,0
191699,0
191703,1
191707,0
191709,1
191713,1
191715,0
191717,1
191719,1
191721,1
191723,1
191725,1
191727,1
191731,1
191733,0
191737,0
191739,1
191741,1
191743,1
191745,1
191749,0
191753,1
191755,0
191759,1
191761,1
191763,1
191765,1
191767,1
191769,1
191771,0
191773,1
191775,0
191777,1
191779,1
191781,0
191783,1
191785,1
191789,0
191791,1
191793,1
191795,0
191797,1
191799,1
191801,0
191803,0
191805,1
191807,0
191811,1
191815,0
191817,1
191833,1
191835,0
191839,0
191849,1
191851,0
191853,0
191857,1
191861,1
191865,0
191867,1
191873,1
191879,0
191899,0
191901,1
191911,1
191915,0
191919,1
191923,1
191929,1
191931,1
191941,1
191965,0
191967,1
191969,1
191991,1
192005,1
192013,0
192015,0
192019,1
192023,0
192035,1
192039,0
192041,1
192045,0
192047,0
192051,0
192053,0
192055,0
192079,0
192081,1
192085,1
192091,0
192093,0
192097,0
192101,1
192103,0
192105,0
192107,0
192109,1
192115,0
192117,0
192121,0
192123,1
192127,1
192131,0
192141,1
192149,1
192157,1
192159,0
192163,1
192165,1
192175,0
192177,0
192185,0
192191,1
192197,0
192199,1
192203,1
192207,1
192209,1
192213,0
192219,1
192223,0
192233,0
192235,0
192239,1
192245,0
192249,0
192251,1
192255,1
192257,0
192261,1
192265,1
192273,1
192275,0
192279,1
192281,1
192283,1
192285,1
192291,1
192293,1
192299,1
192301,0
192307,1
192313,1
192315,0
192319,0
192323,1
192341,1
192349,1
192351,1
192357,0
192359,1
192361,1
192369,1
192371,1
192375,0
192377,0
192379,1
192381,1
192383,1
192385,1
192387,0
192389,1
192391,1
192393,1
192405,1
192407,1
192411,0
192413,1
192415,1
192417,1
192423,1
192427,1
192429,1
192431,1
192453,0
192469,1
192471,1
192479,1
192487,1
192489,0
192491,0
192497,1
192503,0
192515,1
192517,1
192523,1
192531,0
192537,0
192545,1
192547,1
192551,0
192557,0
192559,0
192561,1
192565,1
192567,1
192571,1
192573,0
192575,1
192577,0
192579,0
192581,1
192583,0
192587,1
192591,1
192593,1
192595,1
192601,1
192611,0
192613,1
192615,1
192617,1
192619,1
192623,1
192639,1
192645,0
192649,1
192677,0
192683,1
192693,0
192697,0
192701,0
192703,0
192705,1
192709,1
192713,1
192717,0
192729,1
192731,0
192737,0
192745,0
192749,1
192753,1
192755,1
192759,1
192761,0
192765,1
192767,0
192769,1
192775,1
192777,1
192783,0
192787,1
192791,0
192795,1
192797,1
192799,1
192801,0
192803,1
192821,1
192823,1
192825,1
192831,0
192833,1
192835,0
192837,0
192841,0
192849,1
192851,1
192855,0
192861,1
192863,0
192865,0
192869,1
192875,1
192883,0
192889,1
192891,1
192901,1
192911,1
192917,0
192927,0
192929,0
192931,1
192933,0
192943,1
192945,0
192953,1
192959,1
192961,0
192963,1
192975,0
192981,1
192983,1
192985,1
192987,1
192989,1
192997,1
192999,1
193001,1
193007,1
193011,1
193015,1
193021,1
193025,0
193027,0
193033,0
193039,1
193041,1
193047,1
193049,1
193053,1
193055,1
193059,0
193065,0
193067,0
193069,1
193073,1
193077,0
193099,1
193107,1
193109,0
193119,1
193137,0
193139,1
193143,1
193147,1
193155,0
193175,0
193177,1
193181,1
193183,0
193185,0
193201,1
193209,1
193213,0
193215,1
193219,1
193221,0
193223,1
193227,0
193233,1
193243,0
193245,1
193253,1
193259,1
193261,1
193267,1
193271,0
193277,0
193279,1
193283,0
193287,0
193289,1
193291,1
193295,1
193297,1
193299,1
193307,0
193309,0
193321,0
193323,1
193325,1
193327,0
193335,0
193339,0
193341,1
193345,1
193371,1
193373,1
193375,0
193389,1
193395,1
193403,1
193405,1
193407,0
193409,1
193415,1
193417,1
193421,0
193423,1
193425,1
193427,0
193429,1
193431,0
193439,1
193441,0
193445,1
193447,1
193449,1
193451,0
193455,0
193457,1
193471,1
193477,1
193479,0
193481,0
193485,1
193491,1
193493,0
193497,1
193499,1
193501,0
193503,1
193507,1
193521,1
193523,1
193531,1
193533,1
193543,1
193559,0
193561,1
193563,0
193567,1
193573,1
193575,1
193577,0
193587,1
193589,0
193595,1
193597,1
193599,1
193603,1
193605,1
193607,1
193623,1
193629,0
193631,0
193635,1
193637,1
193641,1
193647,1
193649,0
193661,1
193663,0
193665,0
193669,1
193675,0
193677,1
193679,1
193681,1
193683,1
193689,1
193691,0
193695,0
193697,0
193705,1
193719,1
193725,1
193727,1
193729,1
193737,1
193745,0
193747,1
193749,0
193751,1
193757,1
193759,1
193761,1
193763,1
193769,1
193771,0
193775,0
193779,0
193781,1
193793,1
193797,0
193799,1
193801,1
193803,0
193805,1
193813,1
193821,1
193823,0
193831,1
193833,1
193835,1
193843,0
193851,1
193853,1
193859,1
193863,0
193866,0
193878,0
193880,1
193882,0
193884,1
193886,1
193894,1
193898,1
193900,1
193902,0
193904,0
193906,0
193910,0
193914,0
193916,0
193920,0
193922,0
193926,0
193928,1
193930,1
193942,0
193944,1
193950,1
193952,0
193954,0
193956,0
193958,0
193960,0
193962,0
193964,1
193966,0
193968,1
193970,1
193972,1
193974,1
193980,0
193986,1
193988,1
193994,0
194004,1
194006,0
194008,0
194010,0
194012,0
194016,1
194022,1
194024,1
194026,0
194028,0
194030,1
194032,1
194036,1
194044,1
194046,0
194048,1
194052,1
194058,0
194070,1
194074,0
194088,1
194092,1
194094,1
194100,1
194104,1
194106,1
194112,1
194118,1
194126,1
194128,1
194130,0
194132,0
194134,1
194136,0
194140,1
194142,0
194144,0
194152,0
194188,0
194192,1
194200,1
194204,0
194206,0
194208,0
194226,1
194230,1
194234,1
194238,1
194242,1
194248,1
194252,1
194254,1
194266,1
194268,1
194270,0
194274,0
194278,1
194284,0
194286,1
194290,0
194292,0
194294,1
194296,0
194300,0
194306,1
194308,0
194312,1
194316,1
194336,0
194340,1
194342,0
194348,0
194350,0
194352,0
194358,1
194370,1
194372,0
194382,0
194396,0
194398,0
194400,0
194402,1
194438,1
194440,1
194448,0
194450,0
194452,0
194472,1
194478,1
194480,1
194490,1
194492,1
194494,0
194496,0
194498,0
194502,1
194504,1
194508,1
194510,1
194512,0
194514,1
194516,1
194518,0
194528,0
194530,1
194532,0
194538,1
194546,1
194552,0
194556,0
194558,0
194564,1
194570,0
194582,1
194586,1
194598,1
194602,1
194604,1
194610,1
194612,1
194616,1
194618,1
194620,1
194628,1
194632,1
194634,1
194636,1
194638,1
194642,1
194644,1
194646,1
194648,1
194652,1
194656,0
194662,1
194664,1
194680,1
194682,1
194686,0
194692,1
194696,1
194700,0
194706,1
194712,0
194714,0
194722,1
194724,1
194726,0
194728,1
194729,1
194732,1
194734,1
194736,1
194738,0
194762,1
194764,1
194766,1
194770,1
194772,1
194775,1
194777,1
194779,1
194781,0
194783,0
194785,0
194789,1
194795,1
194797,1
194799,1
194801,1
194811,1
194815,1
194817,1
194819,1
194821,1
194823,1
194829,0
194831,0
194835,1
194843,1
194845,0
194861,1
194869,1
194871,0
194883,1
194885,1
194889,1
194891,1
194903,0
194911,1
194913,1
194917,0
194919,0
194921,1
194927,0
194929,0
194931,1
194935,1
194937,0
194941,1
194943,1
194945,0
194947,0
194949,0
194951,1
194953,1
194959,1
194967,1
194969,0
194975,0
194977,1
194983,1
194985,1
194987,1
194989,0
194991,1
194993,0
194995,1
194997,1
194999,1
195001,1
195003,0
195005,0
195007,0
195013,0
195017,1
195019,1
195021,1
195023,1
195033,1
195037,1
195041,0
195043,1
195045,1
195047,0
195049,1
195057,0
195063,1
195065,0
195067,0
195071,1
195075,1
195077,1
195085,0
195087,0
195089,0
195091,1
195095,1
195101,0
195103,1
195105,1
195107,1
195109,0
195111,1
195115,1
195125,1
195127,1
195129,1
195135,0
195141,1
195149,1
195155,0
195157,1
195159,1
195161,0
195163,0
195165,1
195167,1
195171,1
195173,1
195175,0
195181,0
195183,0
195193,1
195197,1
195199,1
195201,1
195203,1
195207,1
195211,0
195213,0
195215,0
195225,1
195229,0
195233,1
195241,1
195243,1
195247,1
195251,1
195253,1
195255,1
195257,0
195263,0
195267,1
195269,0
195271,0
195273,1
195275,1
195277,0
195279,1
195281,1
195283,0
195285,1
195287,1
195289,1
195291,0
195293,1
195295,0
195297,1
195299,1
195303,1
195305,1
195307,1
195313,0
195315,1
195317,1
195319,1
195321,1
195325,1
195327,1
195335,0
195337,1
195343,0
195347,1
195349,1
195365,0
195367,1
195371,1
195385,0
195387,1
195391,1
195395,1
195399,1
195405,0
195409,1
195415,0
195423,1
195425,1
195427,1
195429,1
195431,0
195437,1
195443,1
195445,0
195447,1
195451,1
195453,0
195455,1
195459,1
195461,1
195463,1
195465,0
195467,1
195475,1
195479,1
195481,1
195485,1
195487,0
195489,0
195491,1
195495,0
195497,1
195499,0
195517,0
195525,1
195527,1
195529,1
195533,1
195537,1
195549,0
195551,1
195553,0
195567,0
195573,1
195581,1
195583,1
195585,1
195589,0
195595,0
195601,1
195603,1
195605,1
195609,1
195611,1
195619,1
195623,1
195627,1
195633,1
195635,0
195639,0
195641,1
195643,1
195647,0
195649,0
195659,1
195661,1
195665,1
195669,1
195671,1
195673,0
195675,1
195679,1
195681,0
195683,1
195689,1
195703,1
195707,1
195709,1
195713,0
195719,1
195721,1
195723,1
195725,1
195727,0
195729,0
195731,1
195733,0
195739,1
195741,1
195743,0
195745,1
195751,0
195753,1
195755,1
195757,0
195761,1
195765,1
195767,1
195775,0
195777,1
195779,1
195781,0
195785,1
195787,1
195805,0
195811,1
195817,1
195819,1
195823,0
195825,1
195827,1
195831,0
195835,0
195839,1
195847,0
195849,0
195855,1
195861,1
195867,1
195871,1
195875,1
195877,1
195879,1
195881,1
195887,1
195891,1
195895,0
195897,1
195905,1
195909,1
195911,1
195917,1
195921,1
195927,1
195931,1
195939,1
195941,0
195945,1
195947,1
195949,1
195955,1
195959,1
195961,0
195963,1
195969,1
195977,0
195981,1
195987,1
195995,0
196001,1
196003,1
196005,0
196009,1
196011,1
196017,0
196019,0
196021,0
196027,0
196031,1
196035,0
196037,0
196041,0
196043,1
196045,1
196047,0
196053,0
196057,1
196065,1
196067,1
196071,0
196073,0
196081,0
196085,1
196087,1
196091,1
196093,1
196095,0
196101,0
196111,0
196113,1
196115,1
196117,1
196121,1
196123,1
196125,0
196127,1
196131,1
196149,0
196175,0
196185,1
196191,1
196199,1
196209,0
196213,1
196223,1
196227,1
196229,0
196231,1
196233,1
196239,1
196243,1
196247,1
196249,0
196251,1
196255,1
196257,1
196267,0
196269,0
196273,0
196275,1
196277,1
196283,1
196285,0
196287,1
196291,0
196293,1
196295,0
196301,0
196305,1
196307,1
196311,0
196313,0
196319,0
196329,1
196337,1
196339,0
196341,0
196343,1
196345,1
196347,0
196349,1
196353,1
196357,0
196359,1
196363,0
196365,1
196371,0
196373,1
196381,1
196399,0
196403,0
196405,0
196407,1
196409,0
196411,0
196413,1
196417,0
196421,0
196425,0
196427,1
196433,0
196437,1
196441,0
196443,1
196463,1
196465,0
196479,0
196483,1
196485,1
196487,1
196491,0
196503,0
196505,1
196527,1
196531,0
196549,1
196551,1
196565,0
196567,1
196573,0
196575,1
196577,0
196587,0
196589,1
196591,1
196597,1
